id,store,sales,location,min_weekly_visits,max_weekly_visits,mandatory_monday_visit,min_visit_duration,max_visit_duration,min_service_duration,max_service_duration,mon_open,mon_close,tue_open,tue_close,wed_open,wed_close,thu_open,thu_close,fri_open,fri_close,sat_open,sat_close,sun_open,sun_close
s_id_1,"Bodega Aurrera, Apodaca Sur","$1,074,604","25.7388447,-100.1547635",0,2,0,120,180,0,360,8:00:00,22:00:00,8:00:00,22:00:00,8:00:00,22:00:00,8:00:00,22:00:00,8:00:00,22:00:00,8:00:00,22:00:00,8:00:00,22:00:00
s_id_2,"Bodega Aurrera, Cadereyta","$2,197,008","25.6012966,-99.9840548",0,2,0,120,180,0,360,8:00:00,22:00:00,8:00:00,22:00:00,8:00:00,22:00:00,8:00:00,22:00:00,8:00:00,22:00:00,8:00:00,22:00:00,8:00:00,22:00:00
s_id_3,"Bodega Aurrera, Clouthier","$1,318,450","25.6852017,-100.4376034",0,2,0,120,180,0,360,8:00:00,22:00:00,8:00:00,22:00:00,8:00:00,22:00:00,8:00:00,22:00:00,8:00:00,22:00:00,8:00:00,22:00:00,8:00:00,22:00:00
s_id_4,"Bodega Aurrera, Diaz Berlanga","$1,424,004","25.742408,-100.2630081",0,2,0,120,180,0,360,8:00:00,22:00:00,8:00:00,22:00:00,8:00:00,22:00:00,8:00:00,22:00:00,8:00:00,22:00:00,8:00:00,22:00:00,8:00:00,22:00:00
s_id_5,"Bodega Aurrera, Domingo Nvo. Leon","$1,282,261","25.7562909,-100.2798413",0,2,0,120,180,0,360,8:00:00,22:00:00,8:00:00,22:00:00,8:00:00,22:00:00,8:00:00,22:00:00,8:00:00,22:00:00,8:00:00,22:00:00,8:00:00,22:00:00
s_id_6,"Bodega Aurrera, Dos Rios","$1,161,882","25.6765937,-100.1670455",0,2,0,120,180,0,360,8:00:00,22:00:00,8:00:00,22:00:00,8:00:00,22:00:00,8:00:00,22:00:00,8:00:00,22:00:00,8:00:00,22:00:00,8:00:00,22:00:00
s_id_7,"Bodega Aurrera, Escobedo Mty","$1,100,324","25.7879291,-100.303427",0,2,0,120,180,0,360,8:00:00,22:00:00,8:00:00,22:00:00,8:00:00,22:00:00,8:00:00,22:00:00,8:00:00,22:00:00,8:00:00,22:00:00,8:00:00,22:00:00
s_id_15,"Bodega Aurrera, Solidaridad","$1,351,758","25.7800545,-100.3871471",1,2,0,180,180,180,180,8:00:00,22:00:00,8:00:00,22:00:00,8:00:00,22:00:00,8:00:00,22:00:00,8:00:00,22:00:00,8:00:00,22:00:00,8:00:00,22:00:00
s_id_9,"Bodega Aurrera, Jards De La Primavera","$1,150,869","25.8194142,-100.2636224",0,2,0,120,180,0,360,8:00:00,22:00:00,8:00:00,22:00:00,8:00:00,22:00:00,8:00:00,22:00:00,8:00:00,22:00:00,8:00:00,22:00:00,8:00:00,22:00:00
s_id_10,"Bodega Aurrera, Lomas De Santa Monica","$1,129,459","25.6180159,-100.1721551",0,2,0,120,180,0,360,8:00:00,22:00:00,8:00:00,22:00:00,8:00:00,22:00:00,8:00:00,22:00:00,8:00:00,22:00:00,8:00:00,22:00:00,8:00:00,22:00:00
s_id_11,"Bodega Aurrera, Los Fresnos","$1,606,647","25.7745482,-100.2583204",0,2,0,120,180,0,360,8:00:00,22:00:00,8:00:00,22:00:00,8:00:00,22:00:00,8:00:00,22:00:00,8:00:00,22:00:00,8:00:00,22:00:00,8:00:00,22:00:00
s_id_12,"Bodega Aurrera, Mitras","$1,092,662","25.7747901,-100.4274969",0,2,0,120,180,0,360,8:00:00,22:00:00,8:00:00,22:00:00,8:00:00,22:00:00,8:00:00,22:00:00,8:00:00,22:00:00,8:00:00,22:00:00,8:00:00,22:00:00
s_id_13,"Bodega Aurrera, Pueblo Nuevo","$1,282,964","25.7597318,-100.1737668",0,2,0,120,180,0,360,8:00:00,22:00:00,8:00:00,22:00:00,8:00:00,22:00:00,8:00:00,22:00:00,8:00:00,22:00:00,8:00:00,22:00:00,8:00:00,22:00:00
s_id_14,"Bodega Aurrera, San Miguel","$1,005,472","25.7226102,-100.1983822",0,2,0,120,180,0,360,8:00:00,22:00:00,8:00:00,22:00:00,8:00:00,22:00:00,8:00:00,22:00:00,8:00:00,22:00:00,8:00:00,22:00:00,8:00:00,22:00:00
s_id_23,"Del Sol, (Mty.) Padre Mier","$2,141,225","25.6685394,-100.3148968",1,2,0,180,180,180,180,10:00:00,21:00:00,10:00:00,21:00:00,10:00:00,21:00:00,10:00:00,21:00:00,10:00:00,21:00:00,10:00:00,21:00:00,10:00:00,21:00:00
s_id_16,"Bodega Aurrera, Topochico","$1,052,120","25.7395017,-100.341941",0,2,0,120,180,0,360,8:00:00,22:00:00,8:00:00,22:00:00,8:00:00,22:00:00,8:00:00,22:00:00,8:00:00,22:00:00,8:00:00,22:00:00,8:00:00,22:00:00
s_id_17,"Bodega Aurrera, Valle De Lincoln","$1,259,309","25.7887383,-100.4894732",0,2,0,120,180,0,360,8:00:00,22:00:00,8:00:00,22:00:00,8:00:00,22:00:00,8:00:00,22:00:00,8:00:00,22:00:00,8:00:00,22:00:00,8:00:00,22:00:00
s_id_18,"Bodega Aurrera, Villa De Juarez","$1,270,130","25.6423869,-100.1657461",0,2,0,120,180,0,360,8:00:00,22:00:00,8:00:00,22:00:00,8:00:00,22:00:00,8:00:00,22:00:00,8:00:00,22:00:00,8:00:00,22:00:00,8:00:00,22:00:00
s_id_19,"Bodega Aurrera, Villa Garcia","$1,463,157","25.7899805,-100.58064",0,2,0,120,180,0,360,8:00:00,22:00:00,8:00:00,22:00:00,8:00:00,22:00:00,8:00:00,22:00:00,8:00:00,22:00:00,8:00:00,22:00:00,8:00:00,22:00:00
s_id_20,"Bodega Aurrera, Zua Zua","$1,185,305","25.9065868,-100.1674812",0,2,0,120,180,0,360,8:00:00,22:00:00,8:00:00,22:00:00,8:00:00,22:00:00,8:00:00,22:00:00,8:00:00,22:00:00,8:00:00,22:00:00,8:00:00,22:00:00
s_id_24,"Del Sol, Adana Lincoln","$2,401,247","25.7264944,-100.3673551",1,2,0,180,180,180,180,10:00:00,21:00:00,10:00:00,21:00:00,10:00:00,21:00:00,10:00:00,21:00:00,10:00:00,21:00:00,10:00:00,21:00:00,10:00:00,21:00:00
s_id_25,"Del Sol, Arcadia","$1,911,441","25.6594432,-100.2276571",1,2,0,180,180,180,180,10:00:00,21:00:00,10:00:00,21:00:00,10:00:00,21:00:00,10:00:00,21:00:00,10:00:00,21:00:00,10:00:00,21:00:00,10:00:00,21:00:00
s_id_30,"Del Sol, Girasoles Escobedo","$2,411,339","25.791048,-100.3245541",1,2,0,180,180,180,180,10:00:00,21:00:00,10:00:00,21:00:00,10:00:00,21:00:00,10:00:00,21:00:00,10:00:00,21:00:00,10:00:00,21:00:00,10:00:00,21:00:00
s_id_32,"Del Sol, San Nicolás Citadel","$2,283,147","25.7261204,-100.2146227",1,2,0,180,180,180,180,10:00:00,21:00:00,10:00:00,21:00:00,10:00:00,21:00:00,10:00:00,21:00:00,10:00:00,21:00:00,10:00:00,21:00:00,10:00:00,21:00:00
s_id_37,"Del Sol, Sendero Santa Catarina","$2,014,237","25.6876588,-100.4908161",1,2,0,180,180,180,180,10:00:00,21:00:00,10:00:00,21:00:00,10:00:00,21:00:00,10:00:00,21:00:00,10:00:00,21:00:00,10:00:00,21:00:00,10:00:00,21:00:00
s_id_26,"Del Sol, Ciénega Plazoleta","$1,122,196","25.9073177,-100.1690689",0,2,0,120,180,0,360,10:00:00,21:00:00,10:00:00,21:00:00,10:00:00,21:00:00,10:00:00,21:00:00,10:00:00,21:00:00,10:00:00,21:00:00,10:00:00,21:00:00
s_id_27,"Del Sol, El Carmen","$2,262,968","25.8489356,-100.3744805",0,2,1,120,180,0,360,10:00:00,21:00:00,10:00:00,21:00:00,10:00:00,21:00:00,10:00:00,21:00:00,10:00:00,21:00:00,10:00:00,21:00:00,10:00:00,21:00:00
s_id_28,"Del Sol, Garcia","$2,939,167","25.7907972,-100.5812671",0,2,0,120,180,0,360,10:00:00,21:00:00,10:00:00,21:00:00,10:00:00,21:00:00,10:00:00,21:00:00,10:00:00,21:00:00,10:00:00,21:00:00,10:00:00,21:00:00
s_id_29,"Del Sol, Garza Sada","$1,547,895","25.642409,-100.2852871",0,2,0,120,180,0,360,10:00:00,21:00:00,10:00:00,21:00:00,10:00:00,21:00:00,10:00:00,21:00:00,10:00:00,21:00:00,10:00:00,21:00:00,10:00:00,21:00:00
s_id_38,"Del Sol, Solidaridad Mty.","$3,188,532","25.7772371,-100.3884342",1,2,0,180,180,180,180,10:00:00,21:00:00,10:00:00,21:00:00,10:00:00,21:00:00,10:00:00,21:00:00,10:00:00,21:00:00,10:00:00,21:00:00,10:00:00,21:00:00
s_id_39,"Del Sol, Valle Soleado Gpe","$1,710,154","25.7043414,-100.1609749",1,2,0,180,180,180,180,10:00:00,21:00:00,10:00:00,21:00:00,10:00:00,21:00:00,10:00:00,21:00:00,10:00:00,21:00:00,10:00:00,21:00:00,10:00:00,21:00:00
s_id_40,"Del Sol, Villa De Juarez","$3,206,117","25.6495785,-100.1132628",1,2,0,180,180,180,180,10:00:00,21:00:00,10:00:00,21:00:00,10:00:00,21:00:00,10:00:00,21:00:00,10:00:00,21:00:00,10:00:00,21:00:00,10:00:00,21:00:00
s_id_33,"Del Sol, Sendero Apodaca","$2,349,640","25.7833678,-100.2338379",0,2,0,120,180,0,360,10:00:00,21:00:00,10:00:00,21:00:00,10:00:00,21:00:00,10:00:00,21:00:00,10:00:00,21:00:00,10:00:00,21:00:00,10:00:00,21:00:00
s_id_43,"HEB, Concordia","$2,145,149","25.78612086642643, -100.22577237593258",1,2,0,180,180,180,180,6:00:00,23:00:00,6:00:00,23:00:00,6:00:00,23:00:00,6:00:00,23:00:00,6:00:00,23:00:00,6:00:00,23:00:00,6:00:00,23:00:00
s_id_35,"Del Sol, Sendero La F‚ Mty.","$3,607,700","25.7649981,-100.190248",0,2,0,120,180,0,360,10:00:00,21:00:00,10:00:00,21:00:00,10:00:00,21:00:00,10:00:00,21:00:00,10:00:00,21:00:00,10:00:00,21:00:00,10:00:00,21:00:00
s_id_51,"HEB, Guadalupe Livas","$2,281,813","25.657541,-100.182939",1,2,0,180,180,180,180,6:00:00,23:00:00,6:00:00,23:00:00,6:00:00,23:00:00,6:00:00,23:00:00,6:00:00,23:00:00,6:00:00,23:00:00,6:00:00,23:00:00
s_id_54,"HEB, Puerta De Hierro","$2,031,044","25.743577,-100.418861",1,2,0,180,180,180,180,6:00:00,23:00:00,6:00:00,23:00:00,6:00:00,23:00:00,6:00:00,23:00:00,6:00:00,23:00:00,6:00:00,23:00:00,6:00:00,23:00:00
s_id_55,"HEB, Santa Catarina","$2,357,177","25.673347,-100.430738",1,2,0,180,180,180,180,6:00:00,23:00:00,6:00:00,23:00:00,6:00:00,23:00:00,6:00:00,23:00:00,6:00:00,23:00:00,6:00:00,23:00:00,6:00:00,23:00:00
s_id_57,"HEB, Valle Alto","$1,807,749","25.58648,-100.258417",1,2,0,180,180,180,180,6:00:00,23:00:00,6:00:00,23:00:00,6:00:00,23:00:00,6:00:00,23:00:00,6:00:00,23:00:00,6:00:00,23:00:00,6:00:00,23:00:00
s_id_71,"Hiper, Sendero La Fe","$1,913,624","25.763899,-100.191108",1,2,0,180,180,180,180,7:00:00,22:00:00,7:00:00,22:00:00,7:00:00,22:00:00,7:00:00,22:00:00,7:00:00,22:00:00,7:00:00,22:00:00,7:00:00,22:00:00
s_id_77,"Juguetron, Galerias Valle Oriente","$1,966,479","25.638524,-100.3138732",1,2,0,180,180,180,180,11:00:00,21:00:00,11:00:00,21:00:00,11:00:00,21:00:00,11:00:00,21:00:00,11:00:00,21:00:00,11:00:00,21:00:00,11:00:00,21:00:00
s_id_42,"HEB, Acapulco","$1,422,985","25.723439,-100.202618",0,2,0,120,180,0,360,6:00:00,23:00:00,6:00:00,23:00:00,6:00:00,23:00:00,6:00:00,23:00:00,6:00:00,23:00:00,6:00:00,23:00:00,6:00:00,23:00:00
s_id_78,"Juguetron, Punto Valle","$2,603,228","19.3956069,-99.18108980000001",1,2,0,180,180,180,180,11:00:00,21:00:00,11:00:00,21:00:00,11:00:00,21:00:00,11:00:00,21:00:00,11:00:00,21:00:00,11:00:00,21:00:00,11:00:00,21:00:00
s_id_44,"HEB, Contry","$1,319,553","25.626203,-100.274981",0,2,0,120,180,0,360,6:00:00,23:00:00,6:00:00,23:00:00,6:00:00,23:00:00,6:00:00,23:00:00,6:00:00,23:00:00,6:00:00,23:00:00,6:00:00,23:00:00
s_id_45,"HEB, Cumbres","$1,507,950","25.732142,-100.397695",0,2,0,120,180,0,360,6:00:00,23:00:00,6:00:00,23:00:00,6:00:00,23:00:00,6:00:00,23:00:00,6:00:00,23:00:00,6:00:00,23:00:00,6:00:00,23:00:00
s_id_46,"HEB, De Las Lomas","$3,351,927","25.732142,-100.397695",0,2,0,120,180,0,360,6:00:00,23:00:00,6:00:00,23:00:00,6:00:00,23:00:00,6:00:00,23:00:00,6:00:00,23:00:00,6:00:00,23:00:00,6:00:00,23:00:00
s_id_47,"HEB, El Uro","$1,917,161","25.548071,-100.225566",0,2,0,120,180,0,360,6:00:00,23:00:00,6:00:00,23:00:00,6:00:00,23:00:00,6:00:00,23:00:00,6:00:00,23:00:00,6:00:00,23:00:00,6:00:00,23:00:00
s_id_48,"HEB, Escobedo","$1,670,950","25.7868016,-100.3196427",0,2,0,120,180,0,360,6:00:00,23:00:00,6:00:00,23:00:00,6:00:00,23:00:00,6:00:00,23:00:00,6:00:00,23:00:00,6:00:00,23:00:00,6:00:00,23:00:00
s_id_79,"Julio Cepeda, Contry Mty","$2,318,633","25.6296509,-100.278983",1,2,0,180,180,180,180,10:00:00,20:00:00,10:00:00,20:00:00,10:00:00,20:00:00,10:00:00,20:00:00,10:00:00,20:00:00,10:00:00,20:00:00,10:00:00,20:00:00
s_id_50,"HEB, Guadalupe Juarez","$1,649,076","25.678782,-100.231674",0,2,0,120,180,0,360,6:00:00,23:00:00,6:00:00,23:00:00,6:00:00,23:00:00,6:00:00,23:00:00,6:00:00,23:00:00,6:00:00,23:00:00,6:00:00,23:00:00
s_id_81,"Julio Cepeda, Galerias Monterrey","$3,351,750","25.681894,-100.3544239",1,2,0,180,180,180,180,10:00:00,20:00:00,10:00:00,20:00:00,10:00:00,20:00:00,10:00:00,20:00:00,10:00:00,20:00:00,10:00:00,20:00:00,10:00:00,20:00:00
s_id_88,"Julio Cepeda, Plaza Fiesta Anahuac Mty","$2,259,427","25.743101,-100.313472",1,2,0,180,180,180,180,10:00:00,20:00:00,10:00:00,20:00:00,10:00:00,20:00:00,10:00:00,20:00:00,10:00:00,20:00:00,10:00:00,20:00:00,10:00:00,20:00:00
s_id_53,"HEB, Los Morales","$1,482,184","25.716518,-100.247237",0,2,0,120,180,0,360,6:00:00,23:00:00,6:00:00,23:00:00,6:00:00,23:00:00,6:00:00,23:00:00,6:00:00,23:00:00,6:00:00,23:00:00,6:00:00,23:00:00
s_id_95,"Liverpool, Centro","$2,221,154","25.6659036,-100.3155",1,2,0,180,180,180,180,11:00:00,21:00:00,11:00:00,21:00:00,11:00:00,21:00:00,11:00:00,21:00:00,11:00:00,21:00:00,11:00:00,21:00:00,11:00:00,21:00:00
s_id_98,"Liverpool, Monterrey Esfera","$2,187,262","25.5749878,-100.2432932",1,2,0,180,180,180,180,11:00:00,21:00:00,11:00:00,21:00:00,11:00:00,21:00:00,11:00:00,21:00:00,11:00:00,21:00:00,11:00:00,21:00:00,11:00:00,21:00:00
s_id_100,"Liverpool, Valle","$2,720,893","25.6383251,-100.3138271",1,2,0,180,180,180,180,11:00:00,21:00:00,11:00:00,21:00:00,11:00:00,21:00:00,11:00:00,21:00:00,11:00:00,21:00:00,11:00:00,21:00:00,11:00:00,21:00:00
s_id_103,"Sears, Monterrey Citadel","$2,237,484","25.7260698,-100.2139145",1,2,1,180,180,180,180,11:00:00,21:00:00,11:00:00,21:00:00,11:00:00,21:00:00,11:00:00,21:00:00,11:00:00,21:00:00,11:00:00,21:00:00,11:00:00,21:00:00
s_id_104,"Sears, Monterrey Galerías","$2,566,534","25.6805158,-100.356353",1,2,0,180,180,180,180,11:00:00,21:00:00,11:00:00,21:00:00,11:00:00,21:00:00,11:00:00,21:00:00,11:00:00,21:00:00,11:00:00,21:00:00,11:00:00,21:00:00
s_id_108,"Supercenter, Chapultepec","$2,992,550","25.6660015,-100.2804991",1,2,0,360,360,360,360,7:00:00,23:00:00,7:00:00,23:00:00,7:00:00,23:00:00,7:00:00,23:00:00,7:00:00,23:00:00,7:00:00,23:00:00,7:00:00,23:00:00
s_id_60,"Hiper, Fresnos","$1,590,880","19.3793076,-99.1867288",0,2,0,120,180,0,360,7:00:00,22:00:00,7:00:00,22:00:00,7:00:00,22:00:00,7:00:00,22:00:00,7:00:00,22:00:00,7:00:00,22:00:00,7:00:00,22:00:00
s_id_61,"Hiper, Huinala","$1,353,212","25.7429954,-100.1753212",0,2,0,120,180,0,360,7:00:00,22:00:00,7:00:00,22:00:00,7:00:00,22:00:00,7:00:00,22:00:00,7:00:00,22:00:00,7:00:00,22:00:00,7:00:00,22:00:00
s_id_62,"Hiper, La Fe","$1,127,117","25.7207726,-100.2162201",0,2,0,120,180,0,360,7:00:00,22:00:00,7:00:00,22:00:00,7:00:00,22:00:00,7:00:00,22:00:00,7:00:00,22:00:00,7:00:00,22:00:00,7:00:00,22:00:00
s_id_63,"Hiper, Lincoln","$1,099,564","25.7147548,-100.3481233",0,2,0,120,180,0,360,7:00:00,22:00:00,7:00:00,22:00:00,7:00:00,22:00:00,7:00:00,22:00:00,7:00:00,22:00:00,7:00:00,22:00:00,7:00:00,22:00:00
s_id_64,"Hiper, San Jeronimo","$1,035,622","25.6942293,-100.3798454",0,2,0,120,180,0,360,7:00:00,22:00:00,7:00:00,22:00:00,7:00:00,22:00:00,7:00:00,22:00:00,7:00:00,22:00:00,7:00:00,22:00:00,7:00:00,22:00:00
s_id_114,"Supercenter, Guadalupe Nvo Leon","$3,293,316","25.6732229,-100.2025358",1,2,0,180,180,180,180,7:00:00,23:00:00,7:00:00,23:00:00,7:00:00,23:00:00,7:00:00,23:00:00,7:00:00,23:00:00,7:00:00,23:00:00,7:00:00,23:00:00
s_id_121,"Supercenter, Paseo Guadalupe","$3,294,018","25.6451096,-100.1681548",1,2,0,180,180,180,180,7:00:00,23:00:00,7:00:00,23:00:00,7:00:00,23:00:00,7:00:00,23:00:00,7:00:00,23:00:00,7:00:00,23:00:00,7:00:00,23:00:00
s_id_67,"Hiper, Santa Maria","$1,640,693","25.6567413,-100.1893452",0,2,0,120,180,0,360,7:00:00,22:00:00,7:00:00,22:00:00,7:00:00,22:00:00,7:00:00,22:00:00,7:00:00,22:00:00,7:00:00,22:00:00,7:00:00,22:00:00
s_id_68,"Hiper, Santo Domingo","$1,151,034","25.749982,-100.2570048",0,2,0,120,180,0,360,7:00:00,22:00:00,7:00:00,22:00:00,7:00:00,22:00:00,7:00:00,22:00:00,7:00:00,22:00:00,7:00:00,22:00:00,7:00:00,22:00:00
s_id_126,"Supercenter, Sendero","$3,095,374","25.765958,-100.3170568",1,2,0,360,360,360,360,7:00:00,23:00:00,7:00:00,23:00:00,7:00:00,23:00:00,7:00:00,23:00:00,7:00:00,23:00:00,7:00:00,23:00:00,7:00:00,23:00:00
s_id_8,"Bodega Aurrera, Huinala Monterrey","$2,032,907","25.739453,-100.1870348",2,2,0,180,180,360,360,8:00:00,22:00:00,8:00:00,22:00:00,8:00:00,22:00:00,8:00:00,22:00:00,8:00:00,22:00:00,8:00:00,22:00:00,8:00:00,22:00:00
s_id_21,"Del Sol, (Mty.) Juarez","$4,358,357","25.6715703,-100.3155526",2,2,0,180,180,360,360,10:00:00,21:00:00,10:00:00,21:00:00,10:00:00,21:00:00,10:00:00,21:00:00,10:00:00,21:00:00,10:00:00,21:00:00,10:00:00,21:00:00
s_id_22,"Del Sol, (Mty.) Morelos","$4,075,477","25.6685394,-100.3148968",2,2,0,180,180,360,360,10:00:00,21:00:00,10:00:00,21:00:00,10:00:00,21:00:00,10:00:00,21:00:00,10:00:00,21:00:00,10:00:00,21:00:00,10:00:00,21:00:00
s_id_73,"Hiper, Sendero San Roque","$1,193,818","25.638909,-100.155378",0,2,0,120,180,0,360,7:00:00,22:00:00,7:00:00,22:00:00,7:00:00,22:00:00,7:00:00,22:00:00,7:00:00,22:00:00,7:00:00,22:00:00,7:00:00,22:00:00
s_id_74,"Hiper, Solidaridad","$1,473,695","25.7779989,-100.3883107",0,2,0,120,180,0,360,7:00:00,22:00:00,7:00:00,22:00:00,7:00:00,22:00:00,7:00:00,22:00:00,7:00:00,22:00:00,7:00:00,22:00:00,7:00:00,22:00:00
s_id_31,"Del Sol, Pablo Livas","$4,494,987","25.6580188,-100.1841797",2,2,0,180,180,360,360,10:00:00,21:00:00,10:00:00,21:00:00,10:00:00,21:00:00,10:00:00,21:00:00,10:00:00,21:00:00,10:00:00,21:00:00,10:00:00,21:00:00
s_id_34,"Del Sol, Sendero Escobedo","$3,192,291","25.7686332,-100.3041106",2,2,0,180,180,360,360,10:00:00,21:00:00,10:00:00,21:00:00,10:00:00,21:00:00,10:00:00,21:00:00,10:00:00,21:00:00,10:00:00,21:00:00,10:00:00,21:00:00
s_id_36,"Del Sol, Sendero Lincoln","$3,260,619","25.762418,-100.4084399",2,2,0,180,180,360,360,10:00:00,21:00:00,10:00:00,21:00:00,10:00:00,21:00:00,10:00:00,21:00:00,10:00:00,21:00:00,10:00:00,21:00:00,10:00:00,21:00:00
s_id_41,"Fresko, La Comer Cumbres","$2,570,381","25.7317851,-100.4015398",2,2,0,180,180,360,360,7:00:00,22:00:00,7:00:00,22:00:00,7:00:00,22:00:00,7:00:00,22:00:00,7:00:00,22:00:00,7:00:00,22:00:00,7:00:00,22:00:00
s_id_49,"HEB, Gonzalitos","$3,303,874","25.679804,-100.350753",2,2,0,180,180,360,360,6:00:00,23:00:00,6:00:00,23:00:00,6:00:00,23:00:00,6:00:00,23:00:00,6:00:00,23:00:00,6:00:00,23:00:00,6:00:00,23:00:00
s_id_80,"Julio Cepeda, Cumbres Mty","$1,296,099","25.7449114,-100.421985",0,2,0,120,180,0,360,10:00:00,20:00:00,10:00:00,20:00:00,10:00:00,20:00:00,10:00:00,20:00:00,10:00:00,20:00:00,10:00:00,20:00:00,10:00:00,20:00:00
s_id_52,"HEB, Linda Vista","$3,595,729","25.690414,-100.247746",2,2,0,180,180,360,360,6:00:00,23:00:00,6:00:00,23:00:00,6:00:00,23:00:00,6:00:00,23:00:00,6:00:00,23:00:00,6:00:00,23:00:00,6:00:00,23:00:00
s_id_56,"HEB, Sendero","$5,306,388","25.77167,-100.274287",2,2,0,180,180,360,360,6:00:00,23:00:00,6:00:00,23:00:00,6:00:00,23:00:00,6:00:00,23:00:00,6:00:00,23:00:00,6:00:00,23:00:00,6:00:00,23:00:00
s_id_83,"Julio Cepeda, Mayoreo Gonzalitos","$3,987,839","25.6838569,-100.3513762",0,2,0,120,180,0,360,10:00:00,20:00:00,10:00:00,20:00:00,10:00:00,20:00:00,10:00:00,20:00:00,10:00:00,20:00:00,10:00:00,20:00:00,10:00:00,20:00:00
s_id_84,"Julio Cepeda, Paseo La Fe Mty","$2,194,460","25.7200519,-100.2180754",0,2,0,120,180,0,360,10:00:00,20:00:00,10:00:00,20:00:00,10:00:00,20:00:00,10:00:00,20:00:00,10:00:00,20:00:00,10:00:00,20:00:00,10:00:00,20:00:00
s_id_85,"Julio Cepeda, Paseo Sta Catarina Mty","$1,697,586","25.6838569,-100.3513762",0,2,0,120,180,0,360,10:00:00,20:00:00,10:00:00,20:00:00,10:00:00,20:00:00,10:00:00,20:00:00,10:00:00,20:00:00,10:00:00,20:00:00,10:00:00,20:00:00
s_id_86,"Julio Cepeda, Patio Lincoln Mty","$1,184,824","25.7626013,-100.4087901",0,2,0,120,180,0,360,10:00:00,20:00:00,10:00:00,20:00:00,10:00:00,20:00:00,10:00:00,20:00:00,10:00:00,20:00:00,10:00:00,20:00:00,10:00:00,20:00:00
s_id_87,"Julio Cepeda, Plaza Esfera Mty.","$1,696,006","25.5758573,-100.2440476",0,2,0,120,180,0,360,10:00:00,20:00:00,10:00:00,20:00:00,10:00:00,20:00:00,10:00:00,20:00:00,10:00:00,20:00:00,10:00:00,20:00:00,10:00:00,20:00:00
s_id_58,"Hiper, Contry","$2,579,065","25.626203,-100.274981",2,2,0,180,180,360,360,7:00:00,22:00:00,7:00:00,22:00:00,7:00:00,22:00:00,7:00:00,22:00:00,7:00:00,22:00:00,7:00:00,22:00:00,7:00:00,22:00:00
s_id_89,"Julio Cepeda, Plaza La Fe Mty","$1,195,284","25.723333,-100.2154039",0,2,0,120,180,0,360,10:00:00,20:00:00,10:00:00,20:00:00,10:00:00,20:00:00,10:00:00,20:00:00,10:00:00,20:00:00,10:00:00,20:00:00,10:00:00,20:00:00
s_id_90,"Julio Cepeda, Plaza Via Puerta De Hierro","$1,504,830","25.7449114,-100.421985",0,2,0,120,180,0,360,10:00:00,20:00:00,10:00:00,20:00:00,10:00:00,20:00:00,10:00:00,20:00:00,10:00:00,20:00:00,10:00:00,20:00:00,10:00:00,20:00:00
s_id_91,"Julio Cepeda, Pueblo Serena","$1,237,611","25.5758573,-100.2440476",0,2,0,120,180,0,360,10:00:00,20:00:00,10:00:00,20:00:00,10:00:00,20:00:00,10:00:00,20:00:00,10:00:00,20:00:00,10:00:00,20:00:00,10:00:00,20:00:00
s_id_92,"Julio Cepeda, San Agustin Mty","$2,488,532","25.6502156,-100.3384687",0,2,1,120,180,0,360,10:00:00,20:00:00,10:00:00,20:00:00,10:00:00,20:00:00,10:00:00,20:00:00,10:00:00,20:00:00,10:00:00,20:00:00,10:00:00,20:00:00
s_id_93,"Julio Cepeda, San Nicolas Mty","$1,124,625","25.7552475,-100.2967569",0,2,0,120,180,0,360,10:00:00,20:00:00,10:00:00,20:00:00,10:00:00,20:00:00,10:00:00,20:00:00,10:00:00,20:00:00,10:00:00,20:00:00,10:00:00,20:00:00
s_id_94,"Julio Cepeda, Sendero Apodaca Mty","$1,137,034","25.782916,-100.235674",0,2,0,120,180,0,360,10:00:00,20:00:00,10:00:00,20:00:00,10:00:00,20:00:00,10:00:00,20:00:00,10:00:00,20:00:00,10:00:00,20:00:00,10:00:00,20:00:00
s_id_65,"Hiper, San Nicolas","$5,358,033","25.7460928,-100.3018666",2,2,0,360,360,540,540,7:00:00,22:00:00,7:00:00,22:00:00,7:00:00,22:00:00,7:00:00,22:00:00,7:00:00,22:00:00,7:00:00,22:00:00,7:00:00,22:00:00
s_id_69,"Hiper, Sendero Apodaca","$2,409,694","25.7822204,-100.2354501",2,2,1,180,180,360,360,7:00:00,22:00:00,7:00:00,22:00:00,7:00:00,22:00:00,7:00:00,22:00:00,7:00:00,22:00:00,7:00:00,22:00:00,7:00:00,22:00:00
s_id_72,"Hiper, Sendero Lincoln","$2,032,346","25.7629337,-100.4100647",2,2,0,180,180,360,360,7:00:00,22:00:00,7:00:00,22:00:00,7:00:00,22:00:00,7:00:00,22:00:00,7:00:00,22:00:00,7:00:00,22:00:00,7:00:00,22:00:00
s_id_75,"Juguetron, Cumbres Monterrey","$2,838,897","25.7323808,-100.3963645",2,2,0,180,180,360,360,11:00:00,21:00:00,11:00:00,21:00:00,11:00:00,21:00:00,11:00:00,21:00:00,11:00:00,21:00:00,11:00:00,21:00:00,11:00:00,21:00:00
s_id_76,"Juguetron, Fashion Drive","$3,966,491","25.6510855,-100.3348789",2,2,0,180,180,360,360,11:00:00,21:00:00,11:00:00,21:00:00,11:00:00,21:00:00,11:00:00,21:00:00,11:00:00,21:00:00,11:00:00,21:00:00,11:00:00,21:00:00
s_id_96,"Liverpool, Cumbres","$2,793,263","25.7308101,-100.3947937",2,2,0,180,180,360,360,11:00:00,21:00:00,11:00:00,21:00:00,11:00:00,21:00:00,11:00:00,21:00:00,11:00:00,21:00:00,11:00:00,21:00:00,11:00:00,21:00:00
s_id_97,"Liverpool, Monterrey","$5,492,266","25.6821267,-100.3537828",2,2,0,180,180,360,360,11:00:00,21:00:00,11:00:00,21:00:00,11:00:00,21:00:00,11:00:00,21:00:00,11:00:00,21:00:00,11:00:00,21:00:00,11:00:00,21:00:00
s_id_102,"Sears, Monterrey Anáhuac","$2,010,996","25.7417484,-100.3136973",0,2,0,120,180,0,360,11:00:00,21:00:00,11:00:00,21:00:00,11:00:00,21:00:00,11:00:00,21:00:00,11:00:00,21:00:00,11:00:00,21:00:00,11:00:00,21:00:00
s_id_99,"Liverpool, Monterrey La Fe","$4,421,093","25.7201524,-100.2182744",2,2,0,180,180,360,360,11:00:00,21:00:00,11:00:00,21:00:00,11:00:00,21:00:00,11:00:00,21:00:00,11:00:00,21:00:00,11:00:00,21:00:00,11:00:00,21:00:00
s_id_101,"Palacio de Hierro, Tienda Monterrey","$5,178,573","25.6513519,-100.3589449",2,2,0,180,180,360,360,11:00:00,21:00:00,11:00:00,21:00:00,11:00:00,21:00:00,11:00:00,21:00:00,11:00:00,21:00:00,11:00:00,21:00:00,11:00:00,21:00:00
s_id_105,"Sears, San Agustín","$1,352,539","25.6485833,-100.3371279",0,2,0,120,180,0,360,11:00:00,21:00:00,11:00:00,21:00:00,11:00:00,21:00:00,11:00:00,21:00:00,11:00:00,21:00:00,11:00:00,21:00:00,11:00:00,21:00:00
s_id_106,"Supercenter, Apodaca Norte","$2,549,863","25.7915592,-100.2480239",2,2,0,180,180,360,360,7:00:00,23:00:00,7:00:00,23:00:00,7:00:00,23:00:00,7:00:00,23:00:00,7:00:00,23:00:00,7:00:00,23:00:00,7:00:00,23:00:00
s_id_107,"Supercenter, Cerro De La Silla","$3,737,417","25.6638862,-100.2419628",2,2,0,180,180,360,360,7:00:00,23:00:00,7:00:00,23:00:00,7:00:00,23:00:00,7:00:00,23:00:00,7:00:00,23:00:00,7:00:00,23:00:00,7:00:00,23:00:00
s_id_111,"Supercenter, Eloy Cavazos","$2,687,270","25.6524264,-100.2095845",2,2,0,180,180,360,360,7:00:00,23:00:00,7:00:00,23:00:00,7:00:00,23:00:00,7:00:00,23:00:00,7:00:00,23:00:00,7:00:00,23:00:00,7:00:00,23:00:00
s_id_112,"Supercenter, Escobedo Norte","$3,201,689","25.793576,-100.327328",2,2,1,360,360,540,540,7:00:00,23:00:00,7:00:00,23:00:00,7:00:00,23:00:00,7:00:00,23:00:00,7:00:00,23:00:00,7:00:00,23:00:00,7:00:00,23:00:00
s_id_110,"Supercenter, Cuspide Santa Rosa","$1,881,706","25.8069299,-100.22319",0,2,0,120,180,0,360,7:00:00,23:00:00,7:00:00,23:00:00,7:00:00,23:00:00,7:00:00,23:00:00,7:00:00,23:00:00,7:00:00,23:00:00,7:00:00,23:00:00
s_id_118,"Supercenter, Lincoln","$2,739,474","25.73059,-100.3696476",2,2,0,180,180,360,360,7:00:00,23:00:00,7:00:00,23:00:00,7:00:00,23:00:00,7:00:00,23:00:00,7:00:00,23:00:00,7:00:00,23:00:00,7:00:00,23:00:00
s_id_122,"Supercenter, Paseo Real","$3,185,498","25.7603111,-100.4054961",2,2,0,180,180,360,360,7:00:00,23:00:00,7:00:00,23:00:00,7:00:00,23:00:00,7:00:00,23:00:00,7:00:00,23:00:00,7:00:00,23:00:00,7:00:00,23:00:00
s_id_123,"Supercenter, Plaza Centrika","$3,054,461","25.7013601,-100.3081995",2,2,0,360,360,540,540,7:00:00,23:00:00,7:00:00,23:00:00,7:00:00,23:00:00,7:00:00,23:00:00,7:00:00,23:00:00,7:00:00,23:00:00,7:00:00,23:00:00
s_id_124,"Supercenter, Reforma Huinala","$3,075,880","25.723627,-100.1643553",2,2,1,180,180,360,360,7:00:00,23:00:00,7:00:00,23:00:00,7:00:00,23:00:00,7:00:00,23:00:00,7:00:00,23:00:00,7:00:00,23:00:00,7:00:00,23:00:00
s_id_59,"Hiper, Cumbres","$3,401,253","25.7271985,-100.389804",3,3,0,180,180,540,540,7:00:00,22:00:00,7:00:00,22:00:00,7:00:00,22:00:00,7:00:00,22:00:00,7:00:00,22:00:00,7:00:00,22:00:00,7:00:00,22:00:00
s_id_116,"Supercenter, La Huasteca","$3,700,195","25.6748345,-100.4508455",0,2,0,120,180,0,360,7:00:00,23:00:00,7:00:00,23:00:00,7:00:00,23:00:00,7:00:00,23:00:00,7:00:00,23:00:00,7:00:00,23:00:00,7:00:00,23:00:00
s_id_66,"Hiper, San Pedro","$3,163,392","25.6641999,-100.3836134",3,3,0,180,180,540,540,7:00:00,22:00:00,7:00:00,22:00:00,7:00:00,22:00:00,7:00:00,22:00:00,7:00:00,22:00:00,7:00:00,22:00:00,7:00:00,22:00:00
s_id_70,"Hiper, Sendero Escobedo","$2,870,445","25.7688938,-100.3020507",3,3,0,180,180,540,540,7:00:00,22:00:00,7:00:00,22:00:00,7:00:00,22:00:00,7:00:00,22:00:00,7:00:00,22:00:00,7:00:00,22:00:00,7:00:00,22:00:00
s_id_119,"Supercenter, Lopez Mateo Fundidores","$2,313,302","25.7329325,-100.2458735",0,2,0,120,180,0,360,7:00:00,23:00:00,7:00:00,23:00:00,7:00:00,23:00:00,7:00:00,23:00:00,7:00:00,23:00:00,7:00:00,23:00:00,7:00:00,23:00:00
s_id_82,"Julio Cepeda, Gonzalitos","$19,996,105","25.6838569,-100.3513762",3,3,1,360,360,720,720,10:00:00,20:00:00,10:00:00,20:00:00,10:00:00,20:00:00,10:00:00,20:00:00,10:00:00,20:00:00,10:00:00,20:00:00,10:00:00,20:00:00
s_id_109,"Supercenter, Cumbres Monterrey","$4,482,509","25.7268543,-100.3933715",3,3,0,180,180,540,540,7:00:00,23:00:00,7:00:00,23:00:00,7:00:00,23:00:00,7:00:00,23:00:00,7:00:00,23:00:00,7:00:00,23:00:00,7:00:00,23:00:00
s_id_113,"Supercenter, Gomez Morin","$8,028,029","25.6438187,-100.3617043",3,3,1,360,360,720,720,7:00:00,23:00:00,7:00:00,23:00:00,7:00:00,23:00:00,7:00:00,23:00:00,7:00:00,23:00:00,7:00:00,23:00:00,7:00:00,23:00:00
s_id_115,"Supercenter, La Fe","$5,019,239","25.720185,-100.2190119",3,3,0,180,180,540,540,7:00:00,23:00:00,7:00:00,23:00:00,7:00:00,23:00:00,7:00:00,23:00:00,7:00:00,23:00:00,7:00:00,23:00:00,7:00:00,23:00:00
s_id_120,"Supercenter, Miguel Aleman","$9,014,971","25.6905939,-100.239257",3,3,1,360,360,720,720,7:00:00,23:00:00,7:00:00,23:00:00,7:00:00,23:00:00,7:00:00,23:00:00,7:00:00,23:00:00,7:00:00,23:00:00,7:00:00,23:00:00
s_id_125,"Supercenter, San Nicolas","$5,813,568","25.7685433,-100.2697347",3,3,0,180,180,540,540,7:00:00,23:00:00,7:00:00,23:00:00,7:00:00,23:00:00,7:00:00,23:00:00,7:00:00,23:00:00,7:00:00,23:00:00,7:00:00,23:00:00
s_id_127,"Supercenter, Valle Oriente","$3,205,726","25.6398968,-100.3168381",3,3,0,180,180,540,540,7:00:00,23:00:00,7:00:00,23:00:00,7:00:00,23:00:00,7:00:00,23:00:00,7:00:00,23:00:00,7:00:00,23:00:00,7:00:00,23:00:00
s_id_128,"Supercenter, Villa De Juarez","$5,294,627","25.6508678,-100.1121093",3,3,0,180,180,540,540,7:00:00,23:00:00,7:00:00,23:00:00,7:00:00,23:00:00,7:00:00,23:00:00,7:00:00,23:00:00,7:00:00,23:00:00,7:00:00,23:00:00
s_id_117,"Supercenter, Las Torres","$9,502,723","25.6154139,-100.2712525",4,4,1,360,360,900,900,7:00:00,23:00:00,7:00:00,23:00:00,7:00:00,23:00:00,7:00:00,23:00:00,7:00:00,23:00:00,7:00:00,23:00:00,7:00:00,23:00:00